Fil,Bredd_px,Hojd_px
app-icons/icon-180.png,180,180
app-icons/icon-192.png,192,192
app-icons/icon-512.png,512,512
app-icons/icon-maskable-512.png,512,512
backgrounds/hero-1.png,1920,1080
backgrounds/hero-2.png,1920,1080
backgrounds/hero-3.png,1920,1080
favicons/favicon-16.png,16,16
favicons/favicon-32.png,32,32
favicons/favicon-master.png,256,256
logos/muninn-logo-horizontal-dark.png,2000,800
logos/muninn-logo-horizontal-light.png,2000,800
logos/muninn-logo-square-dark.png,1024,1024
logos/muninn-logo-square-light.png,1024,1024
logos/muninn-logo-symbol-dark.png,1024,1024
logos/muninn-logo-symbol-light.png,1024,1024
logos/muninn-typography.png,2000,800
reference/branding-document-icon.png,1024,1024
reference/muninn-branding-reference.png,1920,720
social/social-1024.png,1024,1024
splash/splash-desktop.png,1920,1080
splash/splash-mobile-portrait.png,1080,1920
ui-icons/archive.png,256,256
ui-icons/favorites.png,256,256
ui-icons/home.png,256,256
ui-icons/location.png,256,256
ui-icons/menu.png,256,256
ui-icons/notes.png,256,256
ui-icons/notifications.png,256,256
ui-icons/search.png,256,256
ui-icons/settings.png,256,256
ui-icons/tags.png,256,256
ui-icons/trash.png,256,256
ui-icons/user.png,256,256
ui-icons/workspace.png,256,256
